CustomerID,Name,Email,Phone,Address
CUST001,Allison Hill,brandi26@williams.com,+1-394-210-4709x5214,"75243 Antonio Shore
Mendeztown, IL 09320"
CUST002,Noah Rhodes,evelynestrada@yahoo.com,623-285-8842x47451,"9030 Gonzales Plains
Port Michelle, DC 66547"
CUST003,Angie Henderson,sarayoung@gmail.com,123.685.1604x817,"Unit 3959 Box 9534
DPO AE 87036"
CUST004,Daniel Wagner,vjohnson@patton-jenkins.com,(496)513-7098x593,"4089 Connie Meadow Suite 056
Heatherchester, ME 49844"
CUST005,Cristian Santos,kristinrodriguez@gmail.com,+1-174-612-0047x1138,"34270 Faulkner Point Apt. 634
West Deborah, MN 12620"
CUST006,Connie Lawrence,jamessellers@yahoo.com,(675)869-2617,"46990 Jacob Trace
South Jason, MA 40240"
CUST007,Abigail Shaffer,jeffreykeller@yahoo.com,+1-640-537-7351x585,"USS Lewis
FPO AE 97687"
CUST008,Gina Moore,michelle45@hotmail.com,6431713900,"93638 Rowe Light Suite 854
Michaelfort, CT 95189"
CUST009,Gabrielle Davis,sheila14@gmail.com,329-318-3933x52904,"55609 Joyce Brook Suite 899
Phillipsborough, IN 50287"
CUST010,Ryan Munoz,rodriguezryan@hotmail.com,(284)210-2053,"8547 Murray Street
Garyside, HI 71559"
CUST011,Monica Herrera,gobrien@gmail.com,001-502-402-6811,"Unit 0801 Box 0062
DPO AP 30835"
CUST012,Jamie Arnold,jonathanfletcher@gmail.com,758.917.8390x8470,"38750 Hopkins Brook
New Andreatown, NC 95160"
CUST013,Lisa Hensley,ryan59@alvarado-martinez.com,7661771159,"86211 John River Suite 546
West Susanmouth, IA 91889"
CUST014,Michele Williams,snguyen@yahoo.com,(124)998-5698,"016 Bennett Mountains
Lake Albertburgh, NM 57374"
CUST015,Dylan Miller,robertbentley@adkins.biz,789-611-8367x3657,"180 Jason Ways Suite 401
Rachelshire, AZ 24009"
CUST016,Brian Ramirez,justin69@pena.com,(615)654-5271x1116,"USNV Smith
FPO AE 77444"
CUST017,Holly Wood,donnacampbell@hotmail.com,528-098-8516,"42939 Rhodes Plains Suite 621
Brianchester, CA 45143"
CUST018,Derek Zuniga,cardenaskaren@hotmail.com,(604)945-1983x273,"0477 Michael Lane Suite 296
Port Christinebury, CA 11253"
CUST019,Lisa Jackson,lindsayhernandez@gmail.com,585-149-3689,"265 Rodriguez Avenue Suite 754
East Christopherchester, OH 73211"
CUST020,Carla Gray,xcarr@gibson.org,+1-809-402-4455x022,"15819 Shields Bridge
Robertland, OH 32317"
CUST021,Margaret Hawkins DDS,psnyder@douglas.com,001-612-018-3667,"622 Turner Park
North Gary, MT 39790"
CUST022,Patty Perez,gregoryrubio@hotmail.com,254-599-1022x90147,"4379 Stephen Dale
Adamfurt, RI 50293"
CUST023,Ethan Adams,grantsamantha@gmail.com,+1-679-764-3815x61497,"5692 Flores Square Apt. 752
Novakport, UT 83456"
CUST024,Tommy Walter,lauriecontreras@hotmail.com,403.690.0343x24451,"6465 Sarah Flats
Lake Katrina, VA 61006"
CUST025,Matthew Foster,usalazar@hotmail.com,7622683885,"USNS Gonzales
FPO AA 91312"
CUST026,Judy Baker,vmerritt@yahoo.com,606-071-5969,"724 Johnny Drives Suite 617
Aguilarside, UT 55328"
CUST027,Justin Baker,karen48@yahoo.com,(641)605-2975x1613,"891 Kayla Shoals Suite 290
Rasmussenmouth, NE 14387"
CUST028,Stephanie Ross,scott43@rogers-orozco.com,(968)164-5352x18188,"88899 Sean Lock Suite 982
Whitneyfort, LA 55023"
CUST029,Zachary Hicks,jessebenson@lewis.info,552.312.4329,"PSC 1125, Box 4573
APO AP 63799"
CUST030,Anthony Rodriguez,clarkrobert@hotmail.com,(127)799-7995,"7514 Lisa Crescent
Port Matthewville, GA 97558"
CUST031,Rebecca Henderson,wwoods@molina-castaneda.biz,+1-527-177-4490x5814,"258 Mullen Fort
Sotoburgh, TN 57141"
CUST032,James Ferrell,brobinson@johnson-rogers.biz,700.541.1998x679,"9660 Jamie Terrace
New Cristianside, MN 43228"
CUST033,Tricia Valencia,ncalhoun@johnson.com,+1-079-359-7820,"7859 Carr Radial
West Michaelmouth, HI 88789"
CUST034,Nathan Maldonado,dtaylor@williams.com,151.820.3778x892,"912 Wilson Inlet Apt. 252
Barnesberg, MS 55949"
CUST035,Debra Davidson,wmurphy@ramirez-bean.biz,(546)659-0515x186,"274 Jacob Ville
Harveystad, NM 18396"
CUST036,Jeffrey Chavez,ruizkaitlyn@gmail.com,492-519-2546x2914,"876 Perry Ville Suite 721
Port Kathleenport, KY 29971"
CUST037,Sherri Baker,debraharrington@hotmail.com,+1-652-816-8505,"9788 Ashley Grove
Amberton, VA 58351"
CUST038,Cassandra Gaines,herringjames@howell.com,235-733-2214x1888,"34074 Atkins Corners Suite 133
Michellechester, RI 18750"
CUST039,Elizabeth Fowler,elliottjeffery@hotmail.com,5929622292,"95849 Mario Squares
Keithview, NY 89538"
CUST040,Brittany Farmer,gary91@gmail.com,001-706-537-9473x8347,"0422 Dustin Islands
Port Megan, NM 19135"
CUST041,Paula Moreno,lanesarah@hotmail.com,597.746.8862,"667 Cynthia Trafficway Apt. 684
Shawnfort, OR 00825"
CUST042,Fred Smith,mdavid@gmail.com,924.075.8181,"751 Robinson Meadow
South Joseph, LA 44771"
CUST043,Sherry Decker,terrykevin@burke.com,124-782-6137x5060,"750 Cory Tunnel
Smithburgh, NH 00589"
CUST044,Anthony Humphrey,estanley@hotmail.com,(853)615-3051x5220,"Unit 6324 Box 2415
DPO AA 11304"
CUST045,Angelica Tucker,atkinsonlynn@gmail.com,727-790-1043x2898,"64361 Aaron Neck
East Brittneyhaven, NV 01718"
CUST046,Philip Cannon,cynthia72@yahoo.com,(143)410-3697x11798,"62713 Davis Valley Apt. 155
Derrickberg, TX 19225"
CUST047,John Pierce,christina87@graham-simon.com,8932460953,"275 Courtney Drive
Jensenmouth, IL 11863"
CUST048,Shane Henderson,mariahmiller@yahoo.com,001-621-851-8888,"PSC 2196, Box 5652
APO AE 36803"
CUST049,Joshua Blair,qhudson@rogers-snyder.com,+1-067-065-4051,"999 Maxwell Spurs
Port Melanieport, NC 80052"
CUST050,Eric Carney,zlewis@peterson-beard.com,(319)520-5852x772,"0376 John Route Apt. 805
Davidshire, MN 72113"
CUST051,Jessica Holmes,christophercortez@peters-allen.info,(170)430-3054,"09104 Bill Circle Suite 848
Hendersonfurt, SC 70829"
CUST052,Danny Morgan,fmcguire@yahoo.com,687.403.4505x41566,"1418 Terri Drives
Peterland, UT 57843"
CUST053,Crystal Robinson,tholt@perkins.biz,001-765-277-5841x6169,"31617 Kyle Streets
North Alexander, UT 01988"
CUST054,Mark Perez,jacqueline44@yahoo.com,(845)115-4479,"842 Martinez Tunnel Suite 105
Nelsonland, VT 76083"
CUST055,Shannon Jones,griffithleslie@herrera.com,001-627-570-5964x016,"8507 Michael Glens Apt. 913
North Micheletown, AZ 62336"
CUST056,Michael Lewis,jenny89@yahoo.com,(820)297-0213x556,"08635 Robert Stravenue
Josephland, MN 16151"
CUST057,Timothy Duncan,kennethward@smith-ferguson.com,001-092-755-7192,"38061 Cline Trail
Markside, AL 48855"
CUST058,Richard Aguirre,tranheidi@little.com,565.431.0278x68144,"937 Vargas Park Apt. 832
South Andrewside, SC 91394"
CUST059,Brent Jordan,taylor75@sheppard.info,001-739-473-1217x271,"64138 Robert Circle Apt. 410
Port April, MN 60592"
CUST060,John Daniel,moralescharles@parks.com,+1-551-884-4225x83132,"Unit 1918 Box 2619
DPO AP 08664"
CUST061,Victoria Garcia,davidduran@carlson.biz,705.895.7829,"44565 Chavez Fort
East Derekshire, FL 14349"
CUST062,Gerald Hensley,levans@yahoo.com,146-786-6912,"6185 Shannon Mountain Suite 112
Margaretton, MD 19942"
CUST063,Connor West,lynchjody@gmail.com,177-852-8922x68018,"6804 Wilkins Extensions
South Melissaside, OH 33249"
CUST064,Donald Wright,donna23@arnold.com,(422)535-8414,"10032 Madison Landing
New Brendaland, CA 26420"
CUST065,Jessica Callahan,enorris@yahoo.com,842.498.1829,"PSC 7215, Box 1070
APO AE 75721"
CUST066,Amber Kidd,keithcampbell@jones-hall.com,001-229-959-0010,"0662 Lewis Ferry Suite 472
New Christinebury, LA 65891"
CUST067,Tracy House,owilson@hernandez.com,+1-943-969-0784x4736,"14626 Dawn Union Apt. 806
Timothyfort, OK 66350"
CUST068,Carol Tucker,brooke94@martinez-barker.biz,710-276-7735x9255,"05930 Brown Mountains Suite 932
East Dianeview, WY 97108"
CUST069,James Brown,mkim@gmail.com,001-562-588-1537x1473,"652 Joel Island
Robintown, UT 46596"
CUST070,William Baker,cassandra01@gmail.com,(104)696-3259,"USNS Hart
FPO AE 65018"
CUST071,Jordan Henderson,barbara27@pearson.org,001-532-787-7470x1687,"0103 Andrew Neck
West Samanthaborough, DC 45164"
CUST072,Whitney Peters,ecosta@yahoo.com,395.004.7974,"02921 Yu Landing Suite 915
Marcusburgh, NE 84290"
CUST073,Brittney Phillips,manuel12@yahoo.com,+1-016-245-6506,"USNV Thompson
FPO AP 91407"
CUST074,Lauren Daniels,zroberts@hotmail.com,9835841687,"92644 Gregory Alley Suite 902
Samanthabury, OK 14146"
CUST075,Amy Silva,qmiller@wilson-barton.net,001-849-912-1655x85239,"USNS Rivera
FPO AE 31695"
CUST076,Sarah Moore,mgutierrez@cox.com,680.002.5787x29825,"15704 John Cliff Suite 410
South Samuelchester, MT 65130"
CUST077,Angela Lopez,andrea47@washington.com,+1-526-949-5888x794,"617 Francisco Cliffs Apt. 405
Stephanieland, GA 49713"
CUST078,Megan Young,andrea86@walker.info,055.169.4097x4993,"159 Bush Meadows
New Pamela, AR 13773"
CUST079,Steve Sanchez,tyronemoran@thornton.info,001-097-289-6230x9130,"8844 Young Causeway
Armstrongfort, AR 47795"
CUST080,Lisa Barnes,yarnold@weeks.com,562.636.8970x283,"9731 Jamie Route
Tiffanyfort, DE 40917"
CUST081,Kelly Donovan,kendra65@adams.org,+1-578-652-7858,"4186 Nathan Light Suite 270
Scottview, KY 74457"
CUST082,Mike Allen,seanwashington@yahoo.com,(497)334-8434x437,"58693 Mary Viaduct
Sheppardfort, IA 62925"
CUST083,Michael Evans,mcantu@hotmail.com,758-441-9866x52404,"089 David Throughway Suite 223
East Brad, TX 57568"
CUST084,Paul Jones,xhall@williams-garner.biz,001-157-473-3848x421,"451 Paul Locks
Melissahaven, AL 92305"
CUST085,Zachary Ferrell,tylerjohnson@hotmail.com,+1-933-083-3016x571,"62299 Sara Port Apt. 485
Bakerfort, PA 62504"
CUST086,Daniel Baker,sawyerscott@hotmail.com,+1-208-267-7345x40193,"2996 Randy Isle Apt. 074
Andrewport, KY 64938"
CUST087,Shirley Suarez,bowenrobert@hotmail.com,+1-026-206-7240,"24754 Jacobs Corners
South Jason, MT 97618"
CUST088,Christopher Bass,harrisontanya@hanson-sanders.com,4991547887,"82148 Taylor Vista Apt. 233
East Antonioton, MN 92858"
CUST089,Lisa Archer,ofinley@hotmail.com,(874)315-2742,"8610 Nathan Ranch Suite 279
Maxview, UT 12348"
CUST090,Aimee Montoya,williamsonjimmy@hotmail.com,5493296685,"29333 Joseph Lodge Apt. 072
New Lauren, KS 80237"
CUST091,Matthew Mcmillan,juliehamilton@gmail.com,612-275-3046,"466 Stevens Forge Suite 489
Silvatown, TN 49552"
CUST092,Brian Rodriguez,tjackson@williams.com,745.499.0453,"1715 Davidson Wall Suite 443
New Kathy, AR 79148"
CUST093,Denise Jacobs,ryan38@yahoo.com,1742684145,"207 Green Manor Suite 609
West Jessica, TX 70576"
CUST094,Christina Walters,gregorylynch@harvey-allen.org,+1-332-727-9568x783,"584 Mary Wells Apt. 417
Lake Jonathan, OH 24496"
CUST095,John Whitehead,stevenking@estrada-nolan.info,001-391-878-5191x08839,"USNV Pena
FPO AE 47068"
CUST096,Anna Henderson,charleslandry@hotmail.com,+1-225-871-3971,"5549 Ford Crest Suite 099
South Pamelahaven, TX 50527"
CUST097,Aaron Wise,dvaughn@yahoo.com,707.286.7908x74064,"22356 Thomas Wall Apt. 175
West Cynthia, NV 36352"
CUST098,Deborah Figueroa,gcastaneda@james.org,3910651801,"271 Christina Roads
Powellfort, AL 05445"
CUST099,Jessica Smith,andrew64@gmail.com,046.226.5676x6182,"58300 Jeremy Wells Suite 421
Gordonport, CA 06493"
CUST100,Stephen Mckee,swall@lawson.com,+1-512-868-2300x4786,"8985 Barron Dale Suite 753
Port Richard, IN 95812"
